model,accuracy,F1 (macro),ROC-AUC,PR-AUC (at-risk),precision,recall,F1 sd
Majority class (always 'not met'),0.6807549242485328,0.40502925606219903,0.5,0.6807549242485328,0.0,0.0,5.8207734965650934e-05
Stratified random,0.569764611462237,0.5022414179324749,0.5022553186577063,0.6817415413415169,0.3223826137667925,0.31551240773962697,0.0036920101246895715
Single income threshold (depth-1 tree),0.7781082100547102,0.7416804541722092,0.7392025668900348,0.8076729566871009,0.6599677786032446,0.6315848931761183,0.003980809005752503
Income only (depth-3 tree),0.7813295201913937,0.7267727376371858,0.8272803263509655,0.887383672342736,0.7168950759175698,0.5258941129993812,0.00592648756815704
income only,0.7519472674655517,0.7319496546890522,0.8345181638342893,0.9103787800282724,0.5873390726389727,0.749926655438547,0.006280862047614747
income + groceries share,0.7877111523233882,0.7700713954207566,0.8751691410684084,0.9314268330762424,0.6325001624414313,0.8000906142995845,0.0054501393605668165
income + household size,0.7699175749009532,0.7499771654481474,0.8495584616831927,0.9222914094016051,0.6119012435482258,0.7635987868737665,0.007706187108379719
income + size + groceries share,0.8058927293264209,0.7889662744847526,0.8938134328968952,0.9435828300540198,0.6574205967965121,0.8186660497396865,0.007722175380415018
"deployable (income, demographics, debt)",0.7910515235577354,0.7731479630824412,0.8763363225881579,0.9377905415245072,0.6378494743297065,0.7991457949179306,0.006791014729687238
all 29 features,0.8349723376956468,0.8192906109922811,0.9199573261354537,0.9597185280307489,0.6997420077918738,0.8464825882775255,0.00886239796054186
