feature set,model,accuracy,F1 (macro),ROC-AUC,PR-AUC (at-risk),Brier,Log-loss,ECE,precision (on-track),recall (on-track),F1 sd,ROC-AUC sd
deployable,Majority baseline,0.6807549242485328,0.40502925606219903,0.5,0.6807549242485328,0.3192450757514671,11.026334286556246,0.3192450757514671,0.0,0.0,5.8207734965650934e-05,0.0
deployable,Logistic Regression,0.7910515235577354,0.7731479630824412,0.8763363225881579,0.9377905415245072,0.14411473724757237,0.4446154606308183,0.10279720155387798,0.6378494743297065,0.7991457949179306,0.006791014729687238,0.007532731414545251
deployable,Linear SVM,0.7913827490595201,0.7735965978889382,0.8762103161717402,0.9377673961999138,,,,0.6380466187909084,0.8006545620329465,0.006843074941907631,0.007679120480756295
deployable,Decision Tree,0.7680525370501721,0.750559075172423,0.84993521576756,0.9134535219401047,0.15868575375101276,0.6432565684859657,0.10379250303915613,0.6050269150222326,0.7882085351366875,0.008671053960271628,0.005423070210108925
deployable,Random Forest,0.7984277794764286,0.7773913273828976,0.870257738054921,0.9336774498961979,0.14213716427982787,0.44188669368471983,0.08231153211732417,0.657597230861606,0.7690682617156492,0.005187515296182669,0.006126426796248666
deployable,HistGradientBoosting,0.8112218074556106,0.7775530416520209,0.8798911452244571,0.9406122985383767,0.12947692499775498,0.3992260144061505,0.011944178115580892,0.723605660571703,0.6612876485829112,0.006524626865681435,0.006891935097791094
deployable,XGBoost (untuned),0.8084212917601696,0.7743884861442847,0.8753417644308996,0.9381349360331951,0.132489150762558,0.4095632255077362,0.023096989013835164,0.7183370000542008,0.6578940011021865,0.005603390716487879,0.0060380518145385625
deployable,Single income threshold,0.7781082100547102,0.7416804541722092,0.7392025668900348,0.8076729566871009,0.16633095339795811,0.5118624472846665,0.003053899645695743,0.6599677786032446,0.6315848931761183,0.003980809005752503,0.007283589851223228
full,Majority baseline,0.6807549242485328,0.40502925606219903,0.5,0.6807549242485328,0.3192450757514671,11.026334286556246,0.3192450757514671,0.0,0.0,5.8207734965650934e-05,0.0
full,Logistic Regression,0.8349723376956468,0.8192906109922811,0.9199573261354537,0.9597185280307489,0.11523134602494,0.36053482202749837,0.08169778967893845,0.6997420077918738,0.8464825882775255,0.00886239796054186,0.005459063176165947
full,Linear SVM,0.8330455782476147,0.8174863528450402,0.9198579647261271,0.9596939265670059,,,,0.6959330044799369,0.8475197016324103,0.009509131864476873,0.0056484416201227124
full,Decision Tree,0.8020995188764276,0.7837853664080736,0.8820736368908545,0.9280512639793098,0.1377729873716161,0.5710934586768929,0.08546427829031862,0.6557517398883993,0.8010337428983618,0.006619572017942737,0.00501971425532733
full,Random Forest,0.8438521031425072,0.8228606320168204,0.9148194071302758,0.9567374954713556,0.11621773856832203,0.3784164014958988,0.08820808143801673,0.7425175068183885,0.7824579973640187,0.007765608254372042,0.004649994958527403
full,HistGradientBoosting,0.8601382593357491,0.835338105705451,0.9282131322073017,0.9647939257509386,0.09892152175499794,0.3131362794890323,0.0152660828913985,0.8064872348177801,0.7393657755714372,0.005973467910763066,0.005044163577338516
full,XGBoost (untuned),0.8601390204585144,0.8357555767738702,0.9285945581953742,0.964978121418126,0.09937463253736496,0.31409956216812135,0.022781956697387994,0.8036484554419184,0.7437989375937373,0.003977960628715399,0.004349687652177316
full,Single income threshold,0.7781082100547102,0.7416804541722092,0.7392025668900348,0.8076729566871009,0.16633095339795811,0.5118624472846665,0.003053899645695743,0.6599677786032446,0.6315848931761183,0.003980809005752503,0.007283589851223228
deployable,XGBoost (tuned),0.8150145282194483,0.7815902278733541,0.88181741801572,0.9416800400108489,0.12849707454442977,0.3962439000606537,0.01137511495421788,0.7317337549441983,0.6640206524609212,0.006145082185003742,0.006529140753655589
full,XGBoost (tuned),0.8599876846410464,0.8355597338213304,0.9292933451811759,0.9653960455032646,0.09835470914840698,0.3103798568248749,0.014043919567631008,0.8033881340181788,0.7434207343824789,0.0059162369393030816,0.004247085797030213
