model,feature,mean_abs_shap
deployable,Log_Income,1.9479608100919428
deployable,Household_Size,0.4951093541177942
deployable,Debt_To_Income,0.30108830859191343
deployable,Max_Adult_Education,0.26004034786150143
deployable,Occupation_Non_Ag_Labour,0.15820160752528403
deployable,Dependency_Ratio,0.12499315346376247
deployable,Area_Type_Less_Developed_Village,0.10917154418626973
deployable,Head_Age,0.08869091912239765
deployable,Area_Type_Metro_Urban,0.07779402761606329
deployable,Caste_Group_Scheduled_Tribe,0.06948673364707797
deployable,Occupation_Ag_Labour,0.05926411914598663
deployable,Area_Type_Other_Urban,0.05123705703805855
deployable,Caste_Group_Scheduled_Caste,0.04615968247138812
deployable,Occupation_Business,0.03578984741805213
deployable,Religion_Sikh,0.03158800808998106
deployable,Religion_Hindu,0.029471571859975173
deployable,Caste_Group_Forward_Caste,0.02782279201325027
deployable,Occupation_No_Regular_Worker,0.025450959950447452
deployable,Area_Type_Developed_Village,0.023175889834635435
deployable,Has_Debt,0.02105491972729386
full,Log_Income,2.64039573525234
full,Household_Size,0.5688362143982266
full,Groceries_Share,0.5610822895155361
full,Utilities_Share,0.3313406059292022
full,Clothing_Footwear_Share,0.2465182792340544
full,Max_Adult_Education,0.2168663369976786
full,Debt_To_Income,0.20000828142753124
full,Transport_Share,0.16511681754590538
full,Occupation_Non_Ag_Labour,0.14435339921885426
full,Healthcare_Share,0.1391103233786212
full,Dependency_Ratio,0.12412789398686334
full,Education_Share,0.10057923625780545
full,Area_Type_Less_Developed_Village,0.09826942364951088
full,Spends_On_Entertainment,0.09286481002239773
full,Spends_On_Insurance,0.09111350163777455
full,Miscellaneous_Share,0.09051076103242575
full,Spends_On_Education,0.08806419542797941
full,Area_Type_Metro_Urban,0.086414228257989
full,Entertainment_Share,0.07874708495233336
full,Area_Type_Other_Urban,0.072492532266932
